"Tweet author","Tweet ID","Date posted","Tweet text",URL,Retweets,Favorited,Source
_AllTheCost,"ID 1166755915137191936","Wed Aug 28 16:54:22 +0000 2019"," @Joltyr1 Lulz",https://twitter.com/_AllTheCost/statuses/1166755915137191936,0,0,"Twitter for Android"
_AllTheCost,"ID 1166752480329437186","Wed Aug 28 16:40:43 +0000 2019"," @Joltyr1 He's warming up in the locker room.",https://twitter.com/_AllTheCost/statuses/1166752480329437186,0,1,"Twitter for Android"
_AllTheCost,"ID 1166749457322565632","Wed Aug 28 16:28:42 +0000 2019"," @Jonandstuff @ybca Because then you niggers would starve just like in Zimbabwe. 

#oogabooga",https://twitter.com/_AllTheCost/statuses/1166749457322565632,0,0,"Twitter for Android"
_AllTheCost,"ID 1166747810752061442","Wed Aug 28 16:22:09 +0000 2019"," Come on!? That guy is a nigger, if there ever was one. https://t.co/QaaawkMJ3d",https://twitter.com/_AllTheCost/statuses/1166747810752061442,0,3,"Twitter for Android"
_AllTheCost,"ID 1166745439938498563","Wed Aug 28 16:12:44 +0000 2019"," Fuck around and find out, nigger. https://t.co/7oy5wovoy8",https://twitter.com/_AllTheCost/statuses/1166745439938498563,17,98,"Twitter for Android"
_AllTheCost,"ID 1166166130198765570","Tue Aug 27 01:50:46 +0000 2019"," @FilthyHeeb_ Yessir. Any time. EVERYTIME. Lulz.",https://twitter.com/_AllTheCost/statuses/1166166130198765570,0,0,"Twitter for Android"
_AllTheCost,"ID 1166165651439984641","Tue Aug 27 01:48:52 +0000 2019"," @Outsider__14 Laugh my ass right the fuck off.",https://twitter.com/_AllTheCost/statuses/1166165651439984641,0,0,"Twitter for Android"
_AllTheCost,"ID 1166164851527495682","Tue Aug 27 01:45:41 +0000 2019"," ‚ö°‚ö°FOLLOW this fren‚ö°‚ö° https://t.co/mqYNdXh5sK",https://twitter.com/_AllTheCost/statuses/1166164851527495682,0,0,"Twitter for Android"
_AllTheCost,"ID 1166091403547619332","Mon Aug 26 20:53:50 +0000 2019"," mUh PrIvAtE cOmPaNiEs....are doing the government's heavy lifting to throw you in jail for thought crime. 

https://t.co/L2BmOnxsh3",https://twitter.com/_AllTheCost/statuses/1166091403547619332,0,1,"Twitter for Android"
_AllTheCost,"ID 1166028635284881408","Mon Aug 26 16:44:25 +0000 2019"," ‚ö°‚ö°Follow for subdued and sophisticated political debate ‚ö°‚ö° https://t.co/XwjDfeKE5W",https://twitter.com/_AllTheCost/statuses/1166028635284881408,2,2,"Twitter for Android"
_AllTheCost,"ID 1165770934676008961","Sun Aug 25 23:40:24 +0000 2019"," One small step for a woman...one giant leap backward for mankind. https://t.co/w0cgwAL0m3",https://twitter.com/_AllTheCost/statuses/1165770934676008961,0,3,"Twitter for Android"
_AllTheCost,"ID 1165742530975215616","Sun Aug 25 21:47:32 +0000 2019"," @SmilingPariahV4 Get em.",https://twitter.com/_AllTheCost/statuses/1165742530975215616,0,0,"Twitter for Android"
_AllTheCost,"ID 1165685483583746049","Sun Aug 25 18:00:51 +0000 2019"," @salvamedomine You're right. Used a bad number that he thought was good. 

That one may be F",https://twitter.com/_AllTheCost/statuses/1165685483583746049,0,1,"Twitter for Android"
_AllTheCost,"ID 1165682752043270145","Sun Aug 25 17:50:00 +0000 2019"," @salvamedomine Quick number verification...few minutes and he'll be up.",https://twitter.com/_AllTheCost/statuses/1165682752043270145,0,0,"Twitter for Android"
_AllTheCost,"ID 1165681937631068161","Sun Aug 25 17:46:45 +0000 2019"," ‚ö°‚ö° Follow‚ö°‚ö° https://t.co/6wxktrdvci",https://twitter.com/_AllTheCost/statuses/1165681937631068161,0,1,"Twitter for Android"
_AllTheCost,"ID 1165670510405046272","Sun Aug 25 17:01:21 +0000 2019"," Stunning and brave. https://t.co/5ETmfTDarP",https://twitter.com/_AllTheCost/statuses/1165670510405046272,0,1,"Twitter for Android"
_AllTheCost,"ID 1165660681296850951","Sun Aug 25 16:22:18 +0000 2019"," @Fenrir3_0 @MMcGeeWriter @Bigsmellyboy @Atlanta962 @TheSimpsons Of the two reasonable options presented, only coronary boomer man thought ""spades"" applied to the darks. ü§î",https://twitter.com/_AllTheCost/statuses/1165660681296850951,0,1,"Twitter for Android"
_AllTheCost,"ID 1165658140928618498","Sun Aug 25 16:12:12 +0000 2019"," @MMcGeeWriter @Fenrir3_0 @Bigsmellyboy @Atlanta962 @TheSimpsons This boomer has lived long enough to remember calling blacks ""spades.""

It's not racial, dipshit. It's the highest suit in the deck... making it ""your strong suit"" or talent.

Epitaph...lol. The word you're looking for is ""epithet,"" you proud, proud writer.",https://twitter.com/_AllTheCost/statuses/1165658140928618498,0,2,"Twitter for Android"
_AllTheCost,"ID 1165508114604593152","Sun Aug 25 06:16:03 +0000 2019"," @_wecounterhate_ @DFWAltRight And I retweeted my own tweet. So pay that animal again.",https://twitter.com/_AllTheCost/statuses/1165508114604593152,0,0,"Twitter for Android"
_AllTheCost,"ID 1165507760378789889","Sun Aug 25 06:14:38 +0000 2019"," @_wecounterhate_ @DFWAltRight This piece of trash made a donation for the person who said ""it's just a dang dog"" while taking up for the person beating it's paws with a bat...just because mUh RaCiSm. ü§§",https://twitter.com/_AllTheCost/statuses/1165507760378789889,0,1,"Twitter for Android"
_AllTheCost,"ID 1165501021377957888","Sun Aug 25 05:47:52 +0000 2019"," @DFWAltRight You must not like the many food options in Detroit or Mogadishu.

Fuck coloreds.",https://twitter.com/_AllTheCost/statuses/1165501021377957888,1,1,"Twitter for Android"
_AllTheCost,"ID 1165495633307996160","Sun Aug 25 05:26:27 +0000 2019"," @Fenrir3_0 @KaraTheeFox @NickManIsBroken King.",https://twitter.com/_AllTheCost/statuses/1165495633307996160,0,0,"Twitter for Android"
_AllTheCost,"ID 1165493148925222912","Sun Aug 25 05:16:35 +0000 2019"," @looten_plunder @RubinFarrRight3 Couldn't have said it better.",https://twitter.com/_AllTheCost/statuses/1165493148925222912,0,0,"Twitter for Android"
_AllTheCost,"ID 1165492275037782017","Sun Aug 25 05:13:06 +0000 2019"," @looten_plunder @RubinFarrRight3 Blind solidarity to the clan. Fucking scum.

I they made me hate them.",https://twitter.com/_AllTheCost/statuses/1165492275037782017,0,0,"Twitter for Android"
_AllTheCost,"ID 1165487641728618496","Sun Aug 25 04:54:42 +0000 2019"," A fucking brown person that thinks its ok to beat animals because...""fo fo-hunnit yeas!!!"" 

Color me not shocked. https://t.co/n4GdGR9zSg",https://twitter.com/_AllTheCost/statuses/1165487641728618496,0,7,"Twitter for Android"
_AllTheCost,"ID 1165471776584998912","Sun Aug 25 03:51:39 +0000 2019"," ‚ö°‚ö°follow fam‚ö°‚ö° https://t.co/N5Qq1rAuOH",https://twitter.com/_AllTheCost/statuses/1165471776584998912,1,1,"Twitter for Android"
_AllTheCost,"ID 1165306690243354624","Sat Aug 24 16:55:39 +0000 2019"," ‚ö°‚ö°Follow this Fren ‚ö°‚ö°

Willi seems  bit uppity...but he's nice. https://t.co/sVlwNnBu5x",https://twitter.com/_AllTheCost/statuses/1165306690243354624,0,1,"Twitter for Android"
_AllTheCost,"ID 1165066050980986880","Sat Aug 24 00:59:27 +0000 2019"," @TSSChelmsford I lol'd",https://twitter.com/_AllTheCost/statuses/1165066050980986880,0,0,"Twitter for Android"
_AllTheCost,"ID 1165058777479094272","Sat Aug 24 00:30:32 +0000 2019"," @TSSChelmsford Thanks Fren. Fruitcake discount code in the mail.",https://twitter.com/_AllTheCost/statuses/1165058777479094272,0,0,"Twitter for Android"
_AllTheCost,"ID 1165056010555461632","Sat Aug 24 00:19:33 +0000 2019"," ‚ö°‚ö°Follow or ROPE‚ö°‚ö°

@Outsider__14 https://t.co/JSUPwxnJDR",https://twitter.com/_AllTheCost/statuses/1165056010555461632,1,1,"Twitter for Android"
_AllTheCost,"ID 1165053998237396992","Sat Aug 24 00:11:33 +0000 2019"," ‚ö°‚ö° Follow a fren‚ö°‚ö° https://t.co/SrY8Wsvl38",https://twitter.com/_AllTheCost/statuses/1165053998237396992,0,1,"Twitter for Android"
_AllTheCost,"ID 1164999212993589248","Fri Aug 23 20:33:51 +0000 2019"," The left screams about open borders and ""no human is illegal."" David Koch put his money where their mouth is...and leftists celebrate his death. Clever people. https://t.co/SUVws9RIXO",https://twitter.com/_AllTheCost/statuses/1164999212993589248,1,5,"Twitter for Android"
_AllTheCost,"ID 1164993012373569537","Fri Aug 23 20:09:13 +0000 2019"," @Outsider__14 F",https://twitter.com/_AllTheCost/statuses/1164993012373569537,0,0,"Twitter for Android"
_AllTheCost,"ID 1164975359051386886","Fri Aug 23 18:59:04 +0000 2019"," @black_rider_666 Dirty street shitter thinks I see myself the way she sees me.",https://twitter.com/_AllTheCost/statuses/1164975359051386886,0,0,"Twitter for Android"
_AllTheCost,"ID 1164974037853978624","Fri Aug 23 18:53:49 +0000 2019"," @HickockPill @SaxonsBSailing @realDharmakirti @arnelsown @Bas3dMac @JohnHawkwood62 Thanks Fam.",https://twitter.com/_AllTheCost/statuses/1164974037853978624,0,0,"Twitter for Android"
_AllTheCost,"ID 1164936920960512000","Fri Aug 23 16:26:20 +0000 2019"," ABC Chicago took a break from the baby blasting blacks in Chiraq to chat about baby burning mestizos in New Jersey. https://t.co/JHCLIxwtex",https://twitter.com/_AllTheCost/statuses/1164936920960512000,0,1,"Twitter for Android"
_AllTheCost,"ID 1164733537200803840","Fri Aug 23 02:58:09 +0000 2019"," Savage read. https://t.co/hkiJHUwch1",https://twitter.com/_AllTheCost/statuses/1164733537200803840,0,0,"Twitter for Android"
_AllTheCost,"ID 1164685224422334464","Thu Aug 22 23:46:10 +0000 2019"," @Duphasdan @AkuraElvas Alejandra mestizos de la Rocha gets to be white for a day.",https://twitter.com/_AllTheCost/statuses/1164685224422334464,0,0,"Twitter for Android"
_AllTheCost,"ID 1164648311443415047","Thu Aug 22 21:19:30 +0000 2019"," RT @StefanMolyneux: Jewish supremacy is a real issue.

A significant lawmaker and massively popular rabbi - in Israel - have both proclaime‚Ä¶",https://twitter.com/_AllTheCost/statuses/1164648311443415047,443,0,"Twitter for Android"
_AllTheCost,"ID 1164551254003109888","Thu Aug 22 14:53:49 +0000 2019"," @smirkymacsmirky Black Benjamin button baby syndrome. Lol",https://twitter.com/_AllTheCost/statuses/1164551254003109888,0,0,"Twitter for Android"
_AllTheCost,"ID 1164405020965691392","Thu Aug 22 05:12:45 +0000 2019"," @ranchmode @YorkshireAnglo @sabisyzygy Already doing it. Crushing them debt they can't repay. The first chinese official was appointed over a village. Africa is China's China.

https://t.co/xuKhONig13",https://twitter.com/_AllTheCost/statuses/1164405020965691392,0,0,"Twitter for Android"
_AllTheCost,"ID 1164400123415334912","Thu Aug 22 04:53:17 +0000 2019"," @Merrickx @RabbiRon37 Antifreeze.",https://twitter.com/_AllTheCost/statuses/1164400123415334912,0,0,"Twitter for Android"
_AllTheCost,"ID 1164387182544654337","Thu Aug 22 04:01:52 +0000 2019"," @AxisofOptions https://t.co/oxrS4xac98",https://twitter.com/_AllTheCost/statuses/1164387182544654337,0,0,"Twitter for Android"
_AllTheCost,"ID 1164385582946164736","Thu Aug 22 03:55:30 +0000 2019"," ‚ö°‚ö° Follow up‚ö°‚ö° https://t.co/wVRaGzjLPQ",https://twitter.com/_AllTheCost/statuses/1164385582946164736,0,0,"Twitter for Android"
_AllTheCost,"ID 1164381603533139969","Thu Aug 22 03:39:42 +0000 2019"," @AR_Maximum A face only a momma could lo...uh...never mind.",https://twitter.com/_AllTheCost/statuses/1164381603533139969,0,0,"Twitter for Android"
_AllTheCost,"ID 1164376354772660224","Thu Aug 22 03:18:50 +0000 2019"," @JCringes That's a face only a mother could lo....uh...never mind.",https://twitter.com/_AllTheCost/statuses/1164376354772660224,0,0,"Twitter for Android"
_AllTheCost,"ID 1164372532142755840","Thu Aug 22 03:03:39 +0000 2019"," @tonyk2169 Gotcha fam",https://twitter.com/_AllTheCost/statuses/1164372532142755840,0,1,"Twitter for Android"
_AllTheCost,"ID 1164372345357815808","Thu Aug 22 03:02:54 +0000 2019"," Apparently the blind solidarity broke down here. https://t.co/k1F8uRLhrs https://t.co/BmbBMJnQ8R",https://twitter.com/_AllTheCost/statuses/1164372345357815808,3,17,"Twitter for Android"
_AllTheCost,"ID 1164291699990040583","Wed Aug 21 21:42:27 +0000 2019"," RT @JazzShaw: On this date in 1992, 14 year old Sammy Weaver is shot in the back and killed by federal agents at Ruby Ridge. https://t.co/A‚Ä¶",https://twitter.com/_AllTheCost/statuses/1164291699990040583,12,0,"Twitter for Android"
_AllTheCost,"ID 1164291212632834049","Wed Aug 21 21:40:31 +0000 2019"," @GOUIveComeGood @Outsider__14 @sabisyzygy Tfw the person doesn't acknowledge racism as an argument.",https://twitter.com/_AllTheCost/statuses/1164291212632834049,0,1,"Twitter for Android"
_AllTheCost,"ID 1164245501300137985","Wed Aug 21 18:38:52 +0000 2019"," @Zioinfiltration Befitting a disgusting and reprobate people.",https://twitter.com/_AllTheCost/statuses/1164245501300137985,0,1,"Twitter for Android"
_AllTheCost,"ID 1164217673133240321","Wed Aug 21 16:48:18 +0000 2019"," @Xpyipsyjon Predictable. Control the narrative.",https://twitter.com/_AllTheCost/statuses/1164217673133240321,0,0,"Twitter for Android"
_AllTheCost,"ID 1164217086970912770","Wed Aug 21 16:45:58 +0000 2019"," @Xpyipsyjon They'd rather have control over hell than coexist in heaven.",https://twitter.com/_AllTheCost/statuses/1164217086970912770,0,0,"Twitter for Android"
_AllTheCost,"ID 1164216626843201536","Wed Aug 21 16:44:08 +0000 2019"," @KonradsTavern Lulz.",https://twitter.com/_AllTheCost/statuses/1164216626843201536,0,0,"Twitter for Android"
_AllTheCost,"ID 1164216570614337537","Wed Aug 21 16:43:55 +0000 2019"," It's been a trend for centuries. https://t.co/id980CgBCZ",https://twitter.com/_AllTheCost/statuses/1164216570614337537,13,62,"Twitter for Android"
_AllTheCost,"ID 1164211892103065601","Wed Aug 21 16:25:19 +0000 2019"," @Xpyipsyjon https://t.co/IjVVZA8Wh9",https://twitter.com/_AllTheCost/statuses/1164211892103065601,0,1,"Twitter for Android"
_AllTheCost,"ID 1164203819946917888","Wed Aug 21 15:53:15 +0000 2019"," @0015Five @Outsider__14 He's getting it square. Few minutes.",https://twitter.com/_AllTheCost/statuses/1164203819946917888,0,0,"Twitter for Android"
_AllTheCost,"ID 1164201915359596544","Wed Aug 21 15:45:41 +0000 2019"," ‚ö°‚ö° FOLLOW or ROPE‚ö°‚ö° https://t.co/CMJvu7U7Ld",https://twitter.com/_AllTheCost/statuses/1164201915359596544,0,1,"Twitter for Android"
_AllTheCost,"ID 1164201084874887168","Wed Aug 21 15:42:23 +0000 2019"," @HideFace3 @JoeSchm27833826 https://t.co/mCS1P5IEW7",https://twitter.com/_AllTheCost/statuses/1164201084874887168,0,0,"Twitter for Android"
_AllTheCost,"ID 1164198945578528768","Wed Aug 21 15:33:53 +0000 2019"," @JCringes Oy vey! The final criteria has been met for him to be a rabbi.",https://twitter.com/_AllTheCost/statuses/1164198945578528768,0,0,"Twitter for Android"
_AllTheCost,"ID 1164198038614749184","Wed Aug 21 15:30:16 +0000 2019"," What is it with jews being fascinated by baby penises? https://t.co/jIXZH0EhEb https://t.co/RQgxI7pcKN",https://twitter.com/_AllTheCost/statuses/1164198038614749184,2,13,"Twitter for Android"
_AllTheCost,"ID 1164031827566301184","Wed Aug 21 04:29:49 +0000 2019"," @DeportEmAllNow Dat selective outrage be trendy on twittuh, bruh.",https://twitter.com/_AllTheCost/statuses/1164031827566301184,0,0,"Twitter for Android"
_AllTheCost,"ID 1164027972988416001","Wed Aug 21 04:14:30 +0000 2019"," @djslanty @sabisyzygy White supremacy is trending on Twitter. Real problems be damned. Gotta get deez likes n sheeit.",https://twitter.com/_AllTheCost/statuses/1164027972988416001,0,0,"Twitter for Android"
_AllTheCost,"ID 1164027623216951296","Wed Aug 21 04:13:06 +0000 2019"," @sabisyzygy @djslanty The media is on your side. Take it up with them. Over a million uighurs are in actual concentration camps and you're still screaming about white supremacy instead of yellow terror. That's on you.",https://twitter.com/_AllTheCost/statuses/1164027623216951296,0,1,"Twitter for Android"
_AllTheCost,"ID 1164023382473674754","Wed Aug 21 03:56:15 +0000 2019"," @djslanty @sabisyzygy The Chinese actually put people in real concentration camps. Give it a few years...they'll be begging for SJW whites to come fight for them.",https://twitter.com/_AllTheCost/statuses/1164023382473674754,1,2,"Twitter for Android"
_AllTheCost,"ID 1164020087751368704","Wed Aug 21 03:43:10 +0000 2019"," @sabisyzygy Your new colonizers aren't impressed with your excuses or arguments. https://t.co/iciJOklFaZ",https://twitter.com/_AllTheCost/statuses/1164020087751368704,11,25,"Twitter for Android"
_AllTheCost,"ID 1164010525505855488","Wed Aug 21 03:05:10 +0000 2019"," @sabisyzygy Your blind loyalty to your skin would have you sitting in the dark and shitting on your feet on principle. Clown race.",https://twitter.com/_AllTheCost/statuses/1164010525505855488,1,2,"Twitter for Android"
_AllTheCost,"ID 1164008657731891204","Wed Aug 21 02:57:44 +0000 2019"," @ThoughtCrimChas @sabisyzygy Yessir.",https://twitter.com/_AllTheCost/statuses/1164008657731891204,0,0,"Twitter for Android"
_AllTheCost,"ID 1164008493046784001","Wed Aug 21 02:57:05 +0000 2019"," @sabisyzygy Nice dodge.",https://twitter.com/_AllTheCost/statuses/1164008493046784001,1,6,"Twitter for Android"
_AllTheCost,"ID 1164000809375453184","Wed Aug 21 02:26:33 +0000 2019"," @notmeareyou14 @sabisyzygy @dumnigger Lulz",https://twitter.com/_AllTheCost/statuses/1164000809375453184,0,1,"Twitter for Android"
_AllTheCost,"ID 1164000115394265089","Wed Aug 21 02:23:48 +0000 2019"," @sabisyzygy Whites handed blacks Rhodesia the bread basket of Africa and now they are starving in Zimbabwe. Whites handed blacks south Africa home of the first medical miracle heart transplant and now they can barely keep the lights on. Blacks are wonderful stewards of their inheritance.üòë",https://twitter.com/_AllTheCost/statuses/1164000115394265089,2,7,"Twitter for Android"
_AllTheCost,"ID 1163889878628753408","Tue Aug 20 19:05:45 +0000 2019"," (((they're))) paving a way to make it illegal to have your own children and mandatory to subsidize your replacements. 

Draw a line and plant your feet. https://t.co/5OcJKBDlSP",https://twitter.com/_AllTheCost/statuses/1163889878628753408,2,2,"Twitter for Android"
_AllTheCost,"ID 1163849103090081793","Tue Aug 20 16:23:44 +0000 2019"," ‚ö°‚ö°FOLLOW this fren‚ö°‚ö° https://t.co/aztjGG3QVr",https://twitter.com/_AllTheCost/statuses/1163849103090081793,0,0,"Twitter for Android"
_AllTheCost,"ID 1163563401206992896","Mon Aug 19 21:28:27 +0000 2019"," @Nalini4Clearent @Maam5834 @JCringes @ABC She's still here. Lol 

Only the really stupid people fall for it. Congratulations!",https://twitter.com/_AllTheCost/statuses/1163563401206992896,0,1,"Twitter for Android"
_AllTheCost,"ID 1163561655999094789","Mon Aug 19 21:21:31 +0000 2019"," @JCringes @Nalini4Clearent @Maam5834 @ABC I just can't. I just can't even....",https://twitter.com/_AllTheCost/statuses/1163561655999094789,0,1,"Twitter for Android"
_AllTheCost,"ID 1163561243795501057","Mon Aug 19 21:19:53 +0000 2019"," @Nalini4Clearent @Maam5834 @JCringes @ABC This nizzle is attacking a non-binary trans person.",https://twitter.com/_AllTheCost/statuses/1163561243795501057,0,1,"Twitter for Android"
_AllTheCost,"ID 1163557766381875201","Mon Aug 19 21:06:04 +0000 2019"," @Maam5834 Yessir.",https://twitter.com/_AllTheCost/statuses/1163557766381875201,0,0,"Twitter for Android"
_AllTheCost,"ID 1163549340520071168","Mon Aug 19 20:32:35 +0000 2019"," RT @Lukewearechange: rt if you agree
no war with Iran https://t.co/t8hz88ZkWV",https://twitter.com/_AllTheCost/statuses/1163549340520071168,1177,0,"Twitter for Android"
_AllTheCost,"ID 1163548026226581505","Mon Aug 19 20:27:21 +0000 2019"," You heard it here first. All those black people who say they hate the police get the red flag. Do your duty, America. https://t.co/ysTGTi2cuA",https://twitter.com/_AllTheCost/statuses/1163548026226581505,1,3,"Twitter for Android"
_AllTheCost,"ID 1163545819364188161","Mon Aug 19 20:18:35 +0000 2019"," We're up to:

&lt;Eat your maggots
&lt;Live in your box
&lt;Keep the box sweltering

Or be bigot. https://t.co/wJf5EPWzZV",https://twitter.com/_AllTheCost/statuses/1163545819364188161,0,1,"Twitter for Android"
_AllTheCost,"ID 1163543237933576194","Mon Aug 19 20:08:20 +0000 2019"," @overlord_doggo @HazardProtocol @BreakingNLive Google red flagged him. The information is impossible to find, but he refused to return their hardware and 950 pages of documents so they called the police and said he was suicidal. 

May want to duckduckgo that one.",https://twitter.com/_AllTheCost/statuses/1163543237933576194,0,0,"Twitter for Android"
_AllTheCost,"ID 1163534316858683393","Mon Aug 19 19:32:53 +0000 2019"," SuperMa'am needs some frens. https://t.co/JH6VUhuoxz",https://twitter.com/_AllTheCost/statuses/1163534316858683393,1,3,"Twitter for Android"
_AllTheCost,"ID 1163283340243415040","Mon Aug 19 02:55:35 +0000 2019"," TFW a boy's 20 gauge looks like a ma deuce in your hand. https://t.co/mLWccvWjR4",https://twitter.com/_AllTheCost/statuses/1163283340243415040,0,1,"Twitter for Android"
_AllTheCost,"ID 1163271340327133185","Mon Aug 19 02:07:54 +0000 2019"," @CantWaitFor110 @MilesaRose88 @mistererickson @GlassButterfly9 Lulz",https://twitter.com/_AllTheCost/statuses/1163271340327133185,0,0,"Twitter for Android"
_AllTheCost,"ID 1163241848573444096","Mon Aug 19 00:10:43 +0000 2019"," @immike22 @mitchellvii He'll transition as soon as it's popular enough to sell a shirt.",https://twitter.com/_AllTheCost/statuses/1163241848573444096,0,0,"Twitter for Android"
_AllTheCost,"ID 1163191091518160896","Sun Aug 18 20:49:01 +0000 2019"," @mitchellvii https://t.co/cGyElmTOnX",https://twitter.com/_AllTheCost/statuses/1163191091518160896,0,0,"Twitter for Android"
_AllTheCost,"ID 1163190846847639553","Sun Aug 18 20:48:03 +0000 2019"," @mitchellvii https://t.co/cGyElmTOnX",https://twitter.com/_AllTheCost/statuses/1163190846847639553,0,3,"Twitter for Android"
_AllTheCost,"ID 1163149859576328192","Sun Aug 18 18:05:11 +0000 2019"," @HarmlessYardDog @_classified_0 The news--while devasting--is much easier to hear coming from a beagle.",https://twitter.com/_AllTheCost/statuses/1163149859576328192,2,6,"Twitter for Android"
_AllTheCost,"ID 1163143968454053888","Sun Aug 18 17:41:46 +0000 2019"," I see too many red flags to allow this man to have a weapon of war. https://t.co/RBIaLiDFgU",https://twitter.com/_AllTheCost/statuses/1163143968454053888,0,6,"Twitter for Android"
_AllTheCost,"ID 1163138005521043456","Sun Aug 18 17:18:05 +0000 2019"," @Daniel2Sarah @mitchellvii Pro-red flag. Stole money under the guise of moving to DC to cover politics...bought a pad in Miami with it. 

Just another con-man selling t-shirts.",https://twitter.com/_AllTheCost/statuses/1163138005521043456,0,0,"Twitter for Android"
_AllTheCost,"ID 1163100931409489920","Sun Aug 18 14:50:46 +0000 2019"," @BernieSanders Another useless, populist war that strengthens the government at the expense of it's people.",https://twitter.com/_AllTheCost/statuses/1163100931409489920,0,2,"Twitter for Android"
_AllTheCost,"ID 1163100560691802113","Sun Aug 18 14:49:17 +0000 2019"," Bernie's new campaign poster is out. https://t.co/eHU8N4BCJC https://t.co/A1oONAVD29",https://twitter.com/_AllTheCost/statuses/1163100560691802113,1,3,"Twitter for Android"
_AllTheCost,"ID 1162834269821181952","Sat Aug 17 21:11:08 +0000 2019"," @Outsider__14 F",https://twitter.com/_AllTheCost/statuses/1162834269821181952,0,1,"Twitter for Android"
_AllTheCost,"ID 1162551056930414592","Sat Aug 17 02:25:45 +0000 2019"," Predictable that an old, used up, barren hag wants to abuse kids. https://t.co/hoLnWXeUOy",https://twitter.com/_AllTheCost/statuses/1162551056930414592,1,7,"Twitter for Android"
_AllTheCost,"ID 1162108354489212928","Thu Aug 15 21:06:37 +0000 2019"," @offthe_res I think he had an actual stroke.",https://twitter.com/_AllTheCost/statuses/1162108354489212928,0,0,"Twitter for Android"
_AllTheCost,"ID 1162052864031756288","Thu Aug 15 17:26:07 +0000 2019"," RT @StefanMolyneux: pleasedon‚Äôtletthepresidentofuniversalbejewish

dang https://t.co/MSQ44U1GTi",https://twitter.com/_AllTheCost/statuses/1162052864031756288,275,0,"Twitter for Android"
_AllTheCost,"ID 1161703801176449024","Wed Aug 14 18:19:04 +0000 2019"," RT @kathylandb2: @larapinsbiz @RealSaavedra @POTUS Yeah let‚Äôs use the worst examples to paint an entire group of people. By that logic all‚Ä¶",https://twitter.com/_AllTheCost/statuses/1161703801176449024,1,0,"Twitter for Android"
_AllTheCost,"ID 1161702972293824512","Wed Aug 14 18:15:46 +0000 2019"," @kathylandb2 @larapinsbiz @RealSaavedra @POTUS *Jewish. Jews don't identify as white you anti-semite.",https://twitter.com/_AllTheCost/statuses/1161702972293824512,0,1,"Twitter for Android"
_AllTheCost,"ID 1161681389101703168","Wed Aug 14 16:50:00 +0000 2019"," ‚ö°‚ö°follow or rope‚ö°‚ö° https://t.co/wgCaYeEenE",https://twitter.com/_AllTheCost/statuses/1161681389101703168,0,2,"Twitter for Android"
_AllTheCost,"ID 1161463708469608449","Wed Aug 14 02:25:01 +0000 2019"," üö®üëáüèªFollow this totally and verifiably new personüëáüèªüö® https://t.co/6qYlDDxADj",https://twitter.com/_AllTheCost/statuses/1161463708469608449,0,0,"Twitter for Android"
_AllTheCost,"ID 1161320881425178625","Tue Aug 13 16:57:29 +0000 2019"," RT @TomFitton: MASSIVE VOTER FRAUD?  I estimate at least 900,000 aliens illegally voted in midterms. @JudicialWatch also confirms aliens on‚Ä¶",https://twitter.com/_AllTheCost/statuses/1161320881425178625,2816,0,"Twitter for Android"
_AllTheCost,"ID 1161126195653677057","Tue Aug 13 04:03:52 +0000 2019"," @Chick_Fil_USA @_NewBrand @MeanestGirlKat F",https://twitter.com/_AllTheCost/statuses/1161126195653677057,0,0,"Twitter for Android"
_AllTheCost,"ID 1161115796090826754","Tue Aug 13 03:22:32 +0000 2019"," @High_Lethality Gotcha covered fam.",https://twitter.com/_AllTheCost/statuses/1161115796090826754,0,0,"Twitter for Android"
_AllTheCost,"ID 1160957210559746048","Mon Aug 12 16:52:23 +0000 2019"," üö®üö®üö®21 min left. Vote &amp; RTüö®üö®üö® https://t.co/TdEVTADaao",https://twitter.com/_AllTheCost/statuses/1160957210559746048,0,1,"Twitter for Android"
_AllTheCost,"ID 1160933999835000833","Mon Aug 12 15:20:09 +0000 2019"," @codylightful Gun free is a hilarious notion. Whenever I go to Buffalo wild wings...it's no longer a gun free zone, no matter what the door says to make soccer mom's feel good.

I'd imagine murders don't heed the door sticker either.",https://twitter.com/_AllTheCost/statuses/1160933999835000833,0,1,"Twitter for Android"
_AllTheCost,"ID 1160786703814209536","Mon Aug 12 05:34:51 +0000 2019"," @jhallseattle @Mister_Puppers People hate hogs man. Weird.",https://twitter.com/_AllTheCost/statuses/1160786703814209536,0,3,"Twitter for Android"
_AllTheCost,"ID 1160786266411208704","Mon Aug 12 05:33:06 +0000 2019"," üö®üëáüèªfollow upüëáüèªüö® https://t.co/mIAvs7fmWo",https://twitter.com/_AllTheCost/statuses/1160786266411208704,0,1,"Twitter for Android"
_AllTheCost,"ID 1160763052784017408","Mon Aug 12 04:00:52 +0000 2019"," @Outsider__14 @St_Andrew65 @CelestialGroypr Good to see you back, Sir.",https://twitter.com/_AllTheCost/statuses/1160763052784017408,0,0,"Twitter for Android"
_AllTheCost,"ID 1160759602893479936","Mon Aug 12 03:47:09 +0000 2019"," @SmilingPariahV3 @Sweetandgoofy Never did.",https://twitter.com/_AllTheCost/statuses/1160759602893479936,0,0,"Twitter for Android"
_AllTheCost,"ID 1160759479262167040","Mon Aug 12 03:46:40 +0000 2019"," @g_not1 @Wokeington_VI King.",https://twitter.com/_AllTheCost/statuses/1160759479262167040,0,0,"Twitter for Android"
_AllTheCost,"ID 1160759207391563776","Mon Aug 12 03:45:35 +0000 2019"," @John40686280 @Outsider__14 Back at ya.",https://twitter.com/_AllTheCost/statuses/1160759207391563776,0,0,"Twitter for Android"
_AllTheCost,"ID 1160758720550322177","Mon Aug 12 03:43:39 +0000 2019"," This hero will be missed. https://t.co/34YdtFvfIb",https://twitter.com/_AllTheCost/statuses/1160758720550322177,0,0,"Twitter for Android"
_AllTheCost,"ID 1160713872069857280","Mon Aug 12 00:45:26 +0000 2019"," @vapor_midnight @FeinsteinAdolf 110% on board, sir.",https://twitter.com/_AllTheCost/statuses/1160713872069857280,0,0,"Twitter for Android"
_AllTheCost,"ID 1160713410243375111","Mon Aug 12 00:43:36 +0000 2019"," @g_not1 @Wokeington_VI What if I wanted to include a bear and an eagle in the process....could you factor that in?",https://twitter.com/_AllTheCost/statuses/1160713410243375111,0,1,"Twitter for Android"
_AllTheCost,"ID 1160713177547583489","Mon Aug 12 00:42:41 +0000 2019"," @the_europeanist That's what they told me in history classes starting when I was 5 years old. ü§∑‚Äç‚ôÇÔ∏è",https://twitter.com/_AllTheCost/statuses/1160713177547583489,0,1,"Twitter for Android"
_AllTheCost,"ID 1160711930878799872","Mon Aug 12 00:37:43 +0000 2019"," üö®üëáüèªfollowüëáüèªüö® https://t.co/Y63gzK6O4H",https://twitter.com/_AllTheCost/statuses/1160711930878799872,0,1,"Twitter for Android"
_AllTheCost,"ID 1160685597457076225","Sun Aug 11 22:53:05 +0000 2019"," RT @LeonPowSRL: Reminder: the lady primarily responsible for the Panama Papers was quite literally and nakedly assassinated and the issue j‚Ä¶",https://twitter.com/_AllTheCost/statuses/1160685597457076225,2429,0,"Twitter for Android"
_AllTheCost,"ID 1160681446568280067","Sun Aug 11 22:36:35 +0000 2019"," @lilpumpbigdump @PunishedDoctor They saw what happened to a white dude said ""America first."" Lol

""Resson rearned.""",https://twitter.com/_AllTheCost/statuses/1160681446568280067,0,0,"Twitter for Android"
_AllTheCost,"ID 1160680834271260674","Sun Aug 11 22:34:09 +0000 2019"," @tweetofhell They push until there's pushback. It's a disease of the mind.",https://twitter.com/_AllTheCost/statuses/1160680834271260674,0,0,"Twitter for Android"
_AllTheCost,"ID 1160678513617395713","Sun Aug 11 22:24:56 +0000 2019"," @tweetofhell Feels bad man.",https://twitter.com/_AllTheCost/statuses/1160678513617395713,0,0,"Twitter for Android"
_AllTheCost,"ID 1160678087278911490","Sun Aug 11 22:23:15 +0000 2019"," The left's post-2020 virtue signal will be using red flags to disarm political opponents.

All the ""discussion"" in the world wont change anything regarding people that think a hat is violence, Dan. https://t.co/sNok3bpSHJ",https://twitter.com/_AllTheCost/statuses/1160678087278911490,0,1,"Twitter for Android"
_AllTheCost,"ID 1160675618826129409","Sun Aug 11 22:13:26 +0000 2019"," @twatter258 Based USDA.",https://twitter.com/_AllTheCost/statuses/1160675618826129409,0,1,"Twitter for Android"
_AllTheCost,"ID 1160668097105354754","Sun Aug 11 21:43:33 +0000 2019"," @mihicle @SanitationD Clever tricks.",https://twitter.com/_AllTheCost/statuses/1160668097105354754,0,0,"Twitter for Android"
_AllTheCost,"ID 1160664597352894464","Sun Aug 11 21:29:38 +0000 2019"," @HickockPill It hurt me too... But mocking foolishness into the shadows must be done!!!",https://twitter.com/_AllTheCost/statuses/1160664597352894464,0,0,"Twitter for Android"
_AllTheCost,"ID 1160662788899033088","Sun Aug 11 21:22:27 +0000 2019"," ""Tampons"" = Imodium https://t.co/uFeKb6n6Iq",https://twitter.com/_AllTheCost/statuses/1160662788899033088,0,1,"Twitter for Android"
_AllTheCost,"ID 1160660849742274566","Sun Aug 11 21:14:45 +0000 2019"," I feel like those mid sections and shoes don't look like they've been on a thousand mile hike. https://t.co/iieUy1yag9",https://twitter.com/_AllTheCost/statuses/1160660849742274566,0,4,"Twitter for Android"
_AllTheCost,"ID 1160647818941517824","Sun Aug 11 20:22:58 +0000 2019"," *appease peasants*

*exit left to the vomitorium* https://t.co/cTTgOarC6Q",https://twitter.com/_AllTheCost/statuses/1160647818941517824,0,1,"Twitter for Android"
_AllTheCost,"ID 1160646552618225665","Sun Aug 11 20:17:56 +0000 2019"," The only Asian in existence that makes emotional decisions is running for the US presidency. 

We're cursed. https://t.co/I2yHmcIS1V",https://twitter.com/_AllTheCost/statuses/1160646552618225665,2,17,"Twitter for Android"
_AllTheCost,"ID 1160645152337268737","Sun Aug 11 20:12:22 +0000 2019"," RT @matteosalvinimi: Grazie #Siracusa, grazie della forza che mi date! 
E bacioni anche ai soliti ‚Äúdemocratici‚Äù compagni ‚Äúcarolanti‚Äù dei po‚Ä¶",https://twitter.com/_AllTheCost/statuses/1160645152337268737,1093,0,"Twitter for Android"
_AllTheCost,"ID 1160643820947693570","Sun Aug 11 20:07:05 +0000 2019"," @SanitationD Daramus Quintavis Alowishus Jankins IV (age 8)...deserves respect, bigot.",https://twitter.com/_AllTheCost/statuses/1160643820947693570,0,0,"Twitter for Android"
_AllTheCost,"ID 1160642705464221697","Sun Aug 11 20:02:39 +0000 2019"," @black_rider_666 Lulz",https://twitter.com/_AllTheCost/statuses/1160642705464221697,0,0,"Twitter for Android"
_AllTheCost,"ID 1160642600954736640","Sun Aug 11 20:02:14 +0000 2019"," @SanitationD They'd have done a tribute to Chicago, but the names are a bitch to spell.",https://twitter.com/_AllTheCost/statuses/1160642600954736640,0,0,"Twitter for Android"
_AllTheCost,"ID 1160641960471932929","Sun Aug 11 19:59:41 +0000 2019"," @black_rider_666 All I got are these useless wooden doors anyway...",https://twitter.com/_AllTheCost/statuses/1160641960471932929,0,0,"Twitter for Android"
_AllTheCost,"ID 1160641758151225344","Sun Aug 11 19:58:53 +0000 2019"," @thedayofanger HH!",https://twitter.com/_AllTheCost/statuses/1160641758151225344,0,0,"Twitter for Android"
_AllTheCost,"ID 1160635646698020864","Sun Aug 11 19:34:36 +0000 2019"," @QSentMe13 Thanks Fam!",https://twitter.com/_AllTheCost/statuses/1160635646698020864,0,0,"Twitter for Android"
_AllTheCost,"ID 1160633334122328064","Sun Aug 11 19:25:25 +0000 2019"," I'd say it's impossible to eliminate 6,000,000 blood sucking swine in such a short time frame. https://t.co/9Qsu2XB0uY",https://twitter.com/_AllTheCost/statuses/1160633334122328064,16,86,"Twitter for Android"
_AllTheCost,"ID 1160631762453770242","Sun Aug 11 19:19:10 +0000 2019"," @salvamedomine Make the idiots laugh and they will love you for it.",https://twitter.com/_AllTheCost/statuses/1160631762453770242,0,0,"Twitter for Android"
_AllTheCost,"ID 1160631119106269186","Sun Aug 11 19:16:36 +0000 2019"," @FarRightBR @LNorbrg Hang in there fam.",https://twitter.com/_AllTheCost/statuses/1160631119106269186,0,0,"Twitter for Android"
_AllTheCost,"ID 1160627638844755968","Sun Aug 11 19:02:47 +0000 2019"," You're right. The government needs to protect itself from these wayward subject's thought crimes. Red flag 'em. https://t.co/vACPMEkUsn",https://twitter.com/_AllTheCost/statuses/1160627638844755968,0,0,"Twitter for Android"
_AllTheCost,"ID 1160626452372578305","Sun Aug 11 18:58:04 +0000 2019"," Pfff....that's like 18 months worth in Chiraq. https://t.co/PwKVkaRcQM",https://twitter.com/_AllTheCost/statuses/1160626452372578305,0,3,"Twitter for Android"
_AllTheCost,"ID 1160623714632949761","Sun Aug 11 18:47:11 +0000 2019"," üö®üëáüèªfollow or gasüëáüèªüö® https://t.co/BePvBle8xD",https://twitter.com/_AllTheCost/statuses/1160623714632949761,0,1,"Twitter for Android"
_AllTheCost,"ID 1160575411857829888","Sun Aug 11 15:35:15 +0000 2019"," @HickockPill Police chief: ""Iz yo fault we vie-let. iz jussa dawg mayne.""

Black people: https://t.co/AAxDqiaKKb",https://twitter.com/_AllTheCost/statuses/1160575411857829888,0,0,"Twitter for Android"
_AllTheCost,"ID 1160406562109841408","Sun Aug 11 04:24:18 +0000 2019"," @Jeremia31092560 Her info is spread throughout the thread. But here is one of them. She's in Dallas. 

https://t.co/Taz5hfj8Wn",https://twitter.com/_AllTheCost/statuses/1160406562109841408,0,0,"Twitter for Android"
_AllTheCost,"ID 1160404931339345921","Sun Aug 11 04:17:49 +0000 2019"," Update: she's been identified. 

Thanks for the help fam.",https://twitter.com/_AllTheCost/statuses/1160404931339345921,1,4,"Twitter for Android"
_AllTheCost,"ID 1160400671444799488","Sun Aug 11 04:00:53 +0000 2019"," @JEREMYisok14 Too good for that one.",https://twitter.com/_AllTheCost/statuses/1160400671444799488,0,1,"Twitter for Android"
_AllTheCost,"ID 1160399991984271360","Sun Aug 11 03:58:11 +0000 2019"," @JEREMYisok14 That one goes in pieces.",https://twitter.com/_AllTheCost/statuses/1160399991984271360,0,1,"Twitter for Android"
_AllTheCost,"ID 1160398697110355968","Sun Aug 11 03:53:03 +0000 2019"," @JEREMYisok14 By fire, bro.",https://twitter.com/_AllTheCost/statuses/1160398697110355968,0,1,"Twitter for Android"
_AllTheCost,"ID 1160398205638578176","Sun Aug 11 03:51:06 +0000 2019"," Find this niggardly piece of shit. https://t.co/6b30jEDVDu",https://twitter.com/_AllTheCost/statuses/1160398205638578176,3,11,"Twitter for Android"
_AllTheCost,"ID 1160247145422868481","Sat Aug 10 17:50:50 +0000 2019"," This is Future Fox News. https://t.co/PEgtq6cmey",https://twitter.com/_AllTheCost/statuses/1160247145422868481,0,1,"Twitter for Android"
_AllTheCost,"ID 1160243098636734464","Sat Aug 10 17:34:45 +0000 2019"," Says the dude whose intern beat her own head in while alone in your office. https://t.co/WYxNIzJr9b",https://twitter.com/_AllTheCost/statuses/1160243098636734464,0,5,"Twitter for Android"
_AllTheCost,"ID 1159843637716381697","Fri Aug 09 15:07:26 +0000 2019"," @ScrimshawSupra F",https://twitter.com/_AllTheCost/statuses/1159843637716381697,0,0,"Twitter for Android"
_AllTheCost,"ID 1159579329376002048","Thu Aug 08 21:37:10 +0000 2019"," @maximusthemerc1 @Day_of_Anger They say women are better at multitasking. ü§î",https://twitter.com/_AllTheCost/statuses/1159579329376002048,0,0,"Twitter for Android"
_AllTheCost,"ID 1159542945722376192","Thu Aug 08 19:12:36 +0000 2019"," Thank God...it's been a real sausage-fest up until now. https://t.co/RfJf8GwwIv",https://twitter.com/_AllTheCost/statuses/1159542945722376192,0,2,"Twitter for Android"
_AllTheCost,"ID 1159541920240218112","Thu Aug 08 19:08:31 +0000 2019"," üö®üëáüèªFollow or be red flaggotüëáüèªüö® https://t.co/oK4EruBgXe",https://twitter.com/_AllTheCost/statuses/1159541920240218112,0,6,"Twitter for Android"
_AllTheCost,"ID 1159502953981579264","Thu Aug 08 16:33:41 +0000 2019"," RT @StefanMolyneux: One of the writers is Jewish.

The victims all seem to be Christians.

Can you imagine the reverse?

ESPN Pulls Trailer‚Ä¶",https://twitter.com/_AllTheCost/statuses/1159502953981579264,352,0,"Twitter for Android"
_AllTheCost,"ID 1159367372383358976","Thu Aug 08 07:34:56 +0000 2019"," @_G_Loken There is a reason they run to academia, media, and banking. 

A slave from the cradle to the grave.",https://twitter.com/_AllTheCost/statuses/1159367372383358976,0,0,"Twitter for Android"
_AllTheCost,"ID 1159365678438244352","Thu Aug 08 07:28:12 +0000 2019"," RT @TuckerCarlson: There‚Äôs been a tremendous response to last night‚Äôs show.  The left wants to silence us.  They won‚Äôt.  Here‚Äôs a portion o‚Ä¶",https://twitter.com/_AllTheCost/statuses/1159365678438244352,8414,0,"Twitter for Android"
_AllTheCost,"ID 1159364612380172289","Thu Aug 08 07:23:58 +0000 2019"," @_G_Loken Sounds like something (((they'd))) say.",https://twitter.com/_AllTheCost/statuses/1159364612380172289,0,1,"Twitter for Android"
_AllTheCost,"ID 1159350387540975616","Thu Aug 08 06:27:26 +0000 2019"," Eat your maggots and live in your containers, peasants. https://t.co/i0TmK5HLNw",https://twitter.com/_AllTheCost/statuses/1159350387540975616,1,5,"Twitter for Android"
_AllTheCost,"ID 1159326385640546304","Thu Aug 08 04:52:04 +0000 2019"," Media: ""red flags won't be abused""

Piece of shit on Twitter: ""Hold my beer."" https://t.co/aar56H8hlg",https://twitter.com/_AllTheCost/statuses/1159326385640546304,1,13,"Twitter for Android"
_AllTheCost,"ID 1159263952775319552","Thu Aug 08 00:43:59 +0000 2019"," Bill has lost 10k followers in 3 days...which essentially means 455k followers have him muted. https://t.co/ZVQJXDVhw2",https://twitter.com/_AllTheCost/statuses/1159263952775319552,1,6,"Twitter for Android"
_AllTheCost,"ID 1159251752308359174","Wed Aug 07 23:55:30 +0000 2019"," RT @StefanMolyneux: pleasedon‚Äôtbejewish pleasedon‚Äôtbejewish pleasedon‚Äôtbejewish pleasedon‚Äôtbejewish

dang https://t.co/Xq3itSOmIu",https://twitter.com/_AllTheCost/statuses/1159251752308359174,530,0,"Twitter for Android"
_AllTheCost,"ID 1159231049265745922","Wed Aug 07 22:33:14 +0000 2019"," @RoArquette https://t.co/HYGZVXU6UI",https://twitter.com/_AllTheCost/statuses/1159231049265745922,0,3,"Twitter for Android"
_AllTheCost,"ID 1159000398218313728","Wed Aug 07 07:16:42 +0000 2019"," RT @TuckerCarlson: No country can survive being ruled by people who hate it. We deserve better. Here‚Äôs my full commentary. 
https://t.co/G7‚Ä¶",https://twitter.com/_AllTheCost/statuses/1159000398218313728,13785,0,"Twitter for Android"
_AllTheCost,"ID 1158957958119559168","Wed Aug 07 04:28:04 +0000 2019"," RT @meanbobbymcgee: It's most likely Beto O'Rourke's campaign raising money ""creatively."" https://t.co/WU2ISlCIZO",https://twitter.com/_AllTheCost/statuses/1158957958119559168,3,0,"Twitter for Android"
_AllTheCost,"ID 1158849394717921281","Tue Aug 06 21:16:40 +0000 2019"," @mitchellvii Bill Mitchell's reason to be on Twitter:",https://twitter.com/_AllTheCost/statuses/1158849394717921281,0,0,"Twitter for Android"
_AllTheCost,"ID 1158842359892914176","Tue Aug 06 20:48:43 +0000 2019"," @mitchellvii Bill Mitchell is",https://twitter.com/_AllTheCost/statuses/1158842359892914176,0,0,"Twitter for Android"
_AllTheCost,"ID 1158795607592570880","Tue Aug 06 17:42:56 +0000 2019"," @offthe_res We also know how well prosecuted sworn false statements and hate hoaxes are...üòë",https://twitter.com/_AllTheCost/statuses/1158795607592570880,0,0,"Twitter for Android"
_AllTheCost,"ID 1158470354328838144","Mon Aug 05 20:10:30 +0000 2019"," Your spine and your hair have the same character flaw...they blow where the winds take them. https://t.co/fp2lehIYtL",https://twitter.com/_AllTheCost/statuses/1158470354328838144,0,5,"Twitter for Android"
_AllTheCost,"ID 1158455713108246528","Mon Aug 05 19:12:19 +0000 2019"," @mitchellvii This man suffered a head injury on the USS Liberty. Google it. 

Don't hold his wavering politics against him.",https://twitter.com/_AllTheCost/statuses/1158455713108246528,0,2,"Twitter for Android"
_AllTheCost,"ID 1158450099808342019","Mon Aug 05 18:50:01 +0000 2019"," @n0n_parasitic__ F",https://twitter.com/_AllTheCost/statuses/1158450099808342019,0,0,"Twitter for Android"
_AllTheCost,"ID 1158449288772509697","Mon Aug 05 18:46:48 +0000 2019"," Press P to piss on Trump's bald head. https://t.co/F0UWeZLvQr",https://twitter.com/_AllTheCost/statuses/1158449288772509697,0,1,"Twitter for Android"
_AllTheCost,"ID 1158414207832010753","Mon Aug 05 16:27:24 +0000 2019"," @EBKnyte @Concerned_Pug_ @SanitationD People give PSA hell, but I pick up their deals here and there. Never had a problem and I shoot...a lot.",https://twitter.com/_AllTheCost/statuses/1158414207832010753,0,0,"Twitter for Android"
_AllTheCost,"ID 1158413825273733120","Mon Aug 05 16:25:52 +0000 2019"," @Concerned_Pug_ @SanitationD Includes springs, detents, triggers, gas blocks, tubes, buffers and barrels. All inclusive. Get your spare parts now. They are trying to age them out.",https://twitter.com/_AllTheCost/statuses/1158413825273733120,0,0,"Twitter for Android"
_AllTheCost,"ID 1158412351261069312","Mon Aug 05 16:20:01 +0000 2019"," @Concerned_Pug_ @SanitationD That's changing with the new Dem bill. Even parts kits are ""the firearm"" with the stroke of Trump's pen.",https://twitter.com/_AllTheCost/statuses/1158412351261069312,0,0,"Twitter for Android"
_AllTheCost,"ID 1158406057712136192","Mon Aug 05 15:55:00 +0000 2019"," üö®üëáüèª Follow a Kingüëáüèªüö® https://t.co/G7m7oGMDNG",https://twitter.com/_AllTheCost/statuses/1158406057712136192,0,0,"Twitter for Android"
_AllTheCost,"ID 1158399338512605185","Mon Aug 05 15:28:18 +0000 2019"," ""what two consenting adults do in the privacy of their own home..."" https://t.co/y3haepKMEU https://t.co/vJi0c3PbMH",https://twitter.com/_AllTheCost/statuses/1158399338512605185,0,1,"Twitter for Android"
_AllTheCost,"ID 1158260816212353024","Mon Aug 05 06:17:52 +0000 2019"," @V8POW @TOOMANYENEMIES F for two champions.",https://twitter.com/_AllTheCost/statuses/1158260816212353024,0,0,"Twitter for Android"
_AllTheCost,"ID 1158259269097185281","Mon Aug 05 06:11:43 +0000 2019"," @ScrimshawB It was the holidays. My ""A-Team"" was on vacation. üòë",https://twitter.com/_AllTheCost/statuses/1158259269097185281,0,0,"Twitter for Android"
_AllTheCost,"ID 1158099082918932482","Sun Aug 04 19:35:12 +0000 2019"," @ResistanceBlue1 @ScrimshawUltra Stupid people always out fuck their resources. Low IQ birth rates are always high. You wear your stupidity like a badge of honor.

https://t.co/QuWHmXUvCG",https://twitter.com/_AllTheCost/statuses/1158099082918932482,0,0,"Twitter for Android"
_AllTheCost,"ID 1158098043692036101","Sun Aug 04 19:31:04 +0000 2019"," @ResistanceBlue1 @ScrimshawUltra Because you can't make your own. Got a whole starving continent of your kind begging to be around whites.",https://twitter.com/_AllTheCost/statuses/1158098043692036101,0,0,"Twitter for Android"
_AllTheCost,"ID 1157788145582333953","Sat Aug 03 22:59:39 +0000 2019"," Pay them pesos so they have something in common with their students. https://t.co/0qXkZlK3Hl",https://twitter.com/_AllTheCost/statuses/1157788145582333953,0,4,"Twitter for Android"
_AllTheCost,"ID 1157453983201595395","Sat Aug 03 00:51:48 +0000 2019"," @ScrimshawUltra @HanzHHill88 @BrodyHyde_ @Rahbot1234 @Wokeington_VI @EschatoIoguy @SixMillionAnd1 @JoeTurn52447497 @ImrahilB @antiwhitehate @DawnedFaith @Bas3dMac @KatoUndercover Thank you, Sir.",https://twitter.com/_AllTheCost/statuses/1157453983201595395,0,0,"Twitter for Android"
_AllTheCost,"ID 1157030205569097728","Thu Aug 01 20:47:52 +0000 2019"," @offthe_res Here's hoping for USA: pop 150 million.",https://twitter.com/_AllTheCost/statuses/1157030205569097728,0,0,"Twitter for Android"
_AllTheCost,"ID 1157010507166957568","Thu Aug 01 19:29:35 +0000 2019"," @Andrew14187178 @T_p_R_ck_B_ng @RepSwalwell Indeed.",https://twitter.com/_AllTheCost/statuses/1157010507166957568,0,0,"Twitter for Android"
_AllTheCost,"ID 1156973537967714305","Thu Aug 01 17:02:41 +0000 2019"," @NehehDawn Bundle of sticks huh? What does that have to do with...oh my god.

Lulz",https://twitter.com/_AllTheCost/statuses/1156973537967714305,0,0,"Twitter for Android"
_AllTheCost,"ID 1156830196617621506","Thu Aug 01 07:33:06 +0000 2019"," @_ItsIceCold_ @ScrimshawUltra https://t.co/ViCeJAbYmW",https://twitter.com/_AllTheCost/statuses/1156830196617621506,0,0,"Twitter for Android"
_AllTheCost,"ID 1156829731712638977","Thu Aug 01 07:31:15 +0000 2019"," @RexuRexu I wasn't a fan, but had I no idea that wanted to ram steve. Seems very ""un-metal.""",https://twitter.com/_AllTheCost/statuses/1156829731712638977,0,1,"Twitter for Android"
_AllTheCost,"ID 1156817029745250304","Thu Aug 01 06:40:47 +0000 2019"," Ramm(((stein)))...I don't know how I could have missed it. https://t.co/Ic6VKF0iRo",https://twitter.com/_AllTheCost/statuses/1156817029745250304,6,25,"Twitter for Android"
_AllTheCost,"ID 1156812367277318144","Thu Aug 01 06:22:15 +0000 2019"," @AnonnyChick @Outsider__14 Lulz",https://twitter.com/_AllTheCost/statuses/1156812367277318144,0,0,"Twitter for Android"
_AllTheCost,"ID 1156795116939558912","Thu Aug 01 05:13:42 +0000 2019"," Repeal the 19th. https://t.co/aTVZPWWjOg",https://twitter.com/_AllTheCost/statuses/1156795116939558912,0,2,"Twitter for Android"
_AllTheCost,"ID 1156791154307928064","Thu Aug 01 04:57:57 +0000 2019"," @So__To__Speak @Outsider__14 She sets herself up so well. Lol",https://twitter.com/_AllTheCost/statuses/1156791154307928064,0,0,"Twitter for Android"
_AllTheCost,"ID 1156785420916707328","Thu Aug 01 04:35:11 +0000 2019"," @DFWAltRight @ScrimshawUltra We aim to please!",https://twitter.com/_AllTheCost/statuses/1156785420916707328,0,0,"Twitter for Android"
_AllTheCost,"ID 1156672784451416064","Wed Jul 31 21:07:36 +0000 2019"," @ChickFilA_USA No worries. I saw ""feel safe,"" ""homosexual,"" and ""chicken"" and instinctively voted no.",https://twitter.com/_AllTheCost/statuses/1156672784451416064,0,0,"Twitter for Android"
_AllTheCost,"ID 1156666984844746754","Wed Jul 31 20:44:33 +0000 2019"," That's loss prevention's job. https://t.co/AkMRgqeRqL",https://twitter.com/_AllTheCost/statuses/1156666984844746754,10,61,"Twitter for Android"
_AllTheCost,"ID 1156651430197043201","Wed Jul 31 19:42:45 +0000 2019"," @T_p_R_ck_B_ng @RepSwalwell I wrote a book about it.... https://t.co/Z4sFA0le8t",https://twitter.com/_AllTheCost/statuses/1156651430197043201,1,2,"Twitter for Android"
_AllTheCost,"ID 1156646089820389382","Wed Jul 31 19:21:31 +0000 2019"," I don't take advice from ""men"" with skid marks in the front of their underwear. https://t.co/6AfNxDKK9T",https://twitter.com/_AllTheCost/statuses/1156646089820389382,0,4,"Twitter for Android"
_AllTheCost,"ID 1156645693211258881","Wed Jul 31 19:19:57 +0000 2019"," In unrelated news...new 5G phones on sale now!!! https://t.co/2NJYRkuiAv",https://twitter.com/_AllTheCost/statuses/1156645693211258881,1,5,"Twitter for Android"
_AllTheCost,"ID 1156610098225131522","Wed Jul 31 16:58:30 +0000 2019"," She just called Guatamala a shithole. Lulz https://t.co/SF5qXKZ5lw",https://twitter.com/_AllTheCost/statuses/1156610098225131522,0,2,"Twitter for Android"
_AllTheCost,"ID 1156392170984804358","Wed Jul 31 02:32:32 +0000 2019"," @AuDatsNice It's almost like the left knows this....just like when Elizabeth Warren wrote a book about it. https://t.co/Hmd2KNQDMf",https://twitter.com/_AllTheCost/statuses/1156392170984804358,0,0,"Twitter for Android"
_AllTheCost,"ID 1156371348215779328","Wed Jul 31 01:09:48 +0000 2019"," You can have $15 an hour, or 400 million people in the US...but you can't have both. --Thomas Jefferson https://t.co/j84witx20R",https://twitter.com/_AllTheCost/statuses/1156371348215779328,0,3,"Twitter for Android"
_AllTheCost,"ID 1156335576326574080","Tue Jul 30 22:47:39 +0000 2019"," @Knightofsealan1 @ScrimshawUltra Juice.",https://twitter.com/_AllTheCost/statuses/1156335576326574080,0,0,"Twitter for Android"
_AllTheCost,"ID 1156209700280688640","Tue Jul 30 14:27:28 +0000 2019"," @FigZayas @4YrsToday Ok. Thanks for the N-word pass!",https://twitter.com/_AllTheCost/statuses/1156209700280688640,0,0,"Twitter for Android"
_AllTheCost,"ID 1156074871895547904","Tue Jul 30 05:31:42 +0000 2019"," @ScrimshawUltra I'm going to give him a nice lamp with a bear and an eagle on it.",https://twitter.com/_AllTheCost/statuses/1156074871895547904,0,1,"Twitter for Android"
_AllTheCost,"ID 1156070037431705600","Tue Jul 30 05:12:30 +0000 2019"," RT @4YrsToday: Is it okay to use the N-word?",https://twitter.com/_AllTheCost/statuses/1156070037431705600,85,0,"Twitter for Android"
_AllTheCost,"ID 1156069959430225920","Tue Jul 30 05:12:11 +0000 2019"," @4YrsToday 1st amendment says yes.",https://twitter.com/_AllTheCost/statuses/1156069959430225920,0,4,"Twitter for Android"
_AllTheCost,"ID 1156069103586725888","Tue Jul 30 05:08:47 +0000 2019"," @Hupples1 If (((they))) could get idiots to work for 70 cents on the dollar...they'd only hire idiots.",https://twitter.com/_AllTheCost/statuses/1156069103586725888,0,1,"Twitter for Android"
_AllTheCost,"ID 1156068230471045126","Tue Jul 30 05:05:19 +0000 2019"," @USALOCKED329 @Mike87568692 I haven't seen many clothed gorillas. Seems the others are the outliers here.",https://twitter.com/_AllTheCost/statuses/1156068230471045126,0,0,"Twitter for Android"
_AllTheCost,"ID 1156066747209932800","Tue Jul 30 04:59:25 +0000 2019"," @Hupples1 And they don't do construction, plumbing, electrical, welding, and a whole host of high paying blue collar jobs. They want us to believe women doctors make 70 cents on the dollar to a male doc...which is horseshit.",https://twitter.com/_AllTheCost/statuses/1156066747209932800,0,1,"Twitter for Android"
_AllTheCost,"ID 1156064498576482304","Tue Jul 30 04:50:29 +0000 2019"," Women pay more in overdraft and ATM fees. Both seemingly avoidable....üò¨

I saved you from clicking on that marxist trash. https://t.co/uevxxV3HIU",https://twitter.com/_AllTheCost/statuses/1156064498576482304,2,24,"Twitter for Android"
_AllTheCost,"ID 1156056269079351296","Tue Jul 30 04:17:47 +0000 2019"," @LightRain1013 In that regard, Iranians are basically Hawaiian.",https://twitter.com/_AllTheCost/statuses/1156056269079351296,0,1,"Twitter for Android"
_AllTheCost,"ID 1156055541917130752","Tue Jul 30 04:14:54 +0000 2019"," @LightRain1013 Iran is literally in Asia.",https://twitter.com/_AllTheCost/statuses/1156055541917130752,0,1,"Twitter for Android"
_AllTheCost,"ID 1156052671247372288","Tue Jul 30 04:03:29 +0000 2019"," @Butt__Bear https://t.co/iSkVNA9bVt",https://twitter.com/_AllTheCost/statuses/1156052671247372288,0,1,"Twitter for Android"
_AllTheCost,"ID 1156050673529696256","Tue Jul 30 03:55:33 +0000 2019"," I'll take ""people you want to live around for $800,"" saira. https://t.co/9FRsdAcksT",https://twitter.com/_AllTheCost/statuses/1156050673529696256,0,3,"Twitter for Android"
_AllTheCost,"ID 1155998454524420096","Tue Jul 30 00:28:03 +0000 2019"," @Schwarztod2 Imagine my lack of surprise.",https://twitter.com/_AllTheCost/statuses/1155998454524420096,0,0,"Twitter for Android"
_AllTheCost,"ID 1155997654637109248","Tue Jul 30 00:24:52 +0000 2019"," RT @Nature_and_Race: It really is...

Every. Single. Time. https://t.co/vTinpIvQvE",https://twitter.com/_AllTheCost/statuses/1155997654637109248,46,0,"Twitter for Android"
_AllTheCost,"ID 1155985154331963392","Mon Jul 29 23:35:12 +0000 2019"," @CrackSmokrNancy Hahaha! 

I thought it was a woman to a man. See...this is what happens when there is no absolute standard. ü§°üåç",https://twitter.com/_AllTheCost/statuses/1155985154331963392,0,0,"Twitter for Android"
_AllTheCost,"ID 1155977717457645568","Mon Jul 29 23:05:39 +0000 2019"," @CharlotteCracka @HarmlessYardDog Your shower was too long. You're destroying the environment, bigot. #12yearsleft",https://twitter.com/_AllTheCost/statuses/1155977717457645568,0,0,"Twitter for Android"
_AllTheCost,"ID 1155976602980737024","Mon Jul 29 23:01:13 +0000 2019"," @HarmlessYardDog I wonder what her late transexual sibling alexis would think about her conveniently forgetting about the Pulse nightclub shooting by Omar mateen...",https://twitter.com/_AllTheCost/statuses/1155976602980737024,0,2,"Twitter for Android"
_AllTheCost,"ID 1155957171714023425","Mon Jul 29 21:44:01 +0000 2019"," @HickockPill X.

He'd sell his belief system down the river for likes on Twitter. Lulz

He'd better hope there's no god.",https://twitter.com/_AllTheCost/statuses/1155957171714023425,0,0,"Twitter for Android"
_AllTheCost,"ID 1155951111796170752","Mon Jul 29 21:19:56 +0000 2019"," Alexis would have been pissed that you forgot about the Pulse night club shooting. üòë https://t.co/iHTtA5Rc3k",https://twitter.com/_AllTheCost/statuses/1155951111796170752,1,7,"Twitter for Android"
_AllTheCost,"ID 1155946002630578177","Mon Jul 29 20:59:38 +0000 2019"," üö®Fix this for Uncle Hans, Fam. üö®

RT https://t.co/bVhJDYqyjU",https://twitter.com/_AllTheCost/statuses/1155946002630578177,1,1,"Twitter for Android"
_AllTheCost,"ID 1155921641777614848","Mon Jul 29 19:22:50 +0000 2019"," @nicolai_0z @sairasameerarao I lol'd",https://twitter.com/_AllTheCost/statuses/1155921641777614848,0,1,"Twitter for Android"
_AllTheCost,"ID 1155628466735407104","Sun Jul 28 23:57:51 +0000 2019"," @meanbobbymcgee @NikkiBr14110030 ü§îüò¨üòÇüòÇüòÇüòÇ",https://twitter.com/_AllTheCost/statuses/1155628466735407104,0,0,"Twitter for Android"
_AllTheCost,"ID 1155624065744478208","Sun Jul 28 23:40:22 +0000 2019"," @IRosensteinberg Non-fiction doesn't sell very well.",https://twitter.com/_AllTheCost/statuses/1155624065744478208,0,0,"Twitter for Android"
_AllTheCost,"ID 1155623860559110144","Sun Jul 28 23:39:33 +0000 2019"," @AmAust You can believe your eyes...or believe what they tell you.",https://twitter.com/_AllTheCost/statuses/1155623860559110144,0,0,"Twitter for Android"
_AllTheCost,"ID 1155587845890945025","Sun Jul 28 21:16:26 +0000 2019"," Haven't heard about the mass shooting in Brooklyn??? Read why here: https://t.co/PcE33gSUk0 https://t.co/Dnylf7LHN3",https://twitter.com/_AllTheCost/statuses/1155587845890945025,1,6,"Twitter for Android"
_AllTheCost,"ID 1155321780313219072","Sun Jul 28 03:39:11 +0000 2019"," Because degeneracy is not to be praised, scumbag. https://t.co/X7kN9mogxZ",https://twitter.com/_AllTheCost/statuses/1155321780313219072,0,3,"Twitter for Android"
_AllTheCost,"ID 1155283149112446976","Sun Jul 28 01:05:41 +0000 2019"," @RICHIEBATRA @CascadianDennis https://t.co/5nRMlBMGvp",https://twitter.com/_AllTheCost/statuses/1155283149112446976,0,0,"Twitter for Android"
_AllTheCost,"ID 1155258524793999360","Sat Jul 27 23:27:50 +0000 2019"," @JCringes @IsraelUSAforevr This takes a open mind and above average intellect to understand. 

Doubt it'll be read.",https://twitter.com/_AllTheCost/statuses/1155258524793999360,0,0,"Twitter for Android"
_AllTheCost,"ID 1155249493543198720","Sat Jul 27 22:51:57 +0000 2019"," @LockedGigi üö® BOOGALOO üö®",https://twitter.com/_AllTheCost/statuses/1155249493543198720,0,0,"Twitter for Android"
_AllTheCost,"ID 1155242723361939456","Sat Jul 27 22:25:03 +0000 2019"," Well, at least they can't get here by boat... https://t.co/d553M4Eaka",https://twitter.com/_AllTheCost/statuses/1155242723361939456,1,3,"Twitter for Android"
_AllTheCost,"ID 1155242206812430336","Sat Jul 27 22:23:00 +0000 2019"," @TSSChelmsford They push until people push back. Never give ground.",https://twitter.com/_AllTheCost/statuses/1155242206812430336,0,0,"Twitter for Android"
_AllTheCost,"ID 1155239695628099584","Sat Jul 27 22:13:01 +0000 2019"," Says the guy that'll ruin your business if you don't bend to his will. https://t.co/HfPZHgz92z",https://twitter.com/_AllTheCost/statuses/1155239695628099584,0,5,"Twitter for Android"
_AllTheCost,"ID 1155224638177325056","Sat Jul 27 21:13:11 +0000 2019"," aT lEaSt wE aReN't SpEaKiNg GeRmAn üòë https://t.co/eI1VZyJhnW",https://twitter.com/_AllTheCost/statuses/1155224638177325056,0,5,"Twitter for Android"
_AllTheCost,"ID 1155152979940532226","Sat Jul 27 16:28:26 +0000 2019"," I don't speak pig Latin. https://t.co/4o3tFDrbLA",https://twitter.com/_AllTheCost/statuses/1155152979940532226,0,0,"Twitter for Android"
_AllTheCost,"ID 1155150578705735680","Sat Jul 27 16:18:54 +0000 2019"," RT @Talkmaster: Would you rather live in a neighborhood full of:",https://twitter.com/_AllTheCost/statuses/1155150578705735680,859,0,"Twitter for Android"
_AllTheCost,"ID 1154837025654222849","Fri Jul 26 19:32:57 +0000 2019"," @CascadianDennis They'll always have wakanda, bro.",https://twitter.com/_AllTheCost/statuses/1154837025654222849,0,1,"Twitter for Android"
_AllTheCost,"ID 1154832354319437825","Fri Jul 26 19:14:23 +0000 2019"," @buzz_wagner @_0xabad1d3a__ I scratching the surface at this point...but everybody should be looking into this.",https://twitter.com/_AllTheCost/statuses/1154832354319437825,0,0,"Twitter for Android"
_AllTheCost,"ID 1154831833793802240","Fri Jul 26 19:12:19 +0000 2019"," @CascadianDennis Oof. Hate to be the ""ackshully"" guy...but uh...they didn't make peanut butter. 

Of the 300 ways that Carver figured out to use peanuts, crushing them into a tasty paste wasn't one of them.",https://twitter.com/_AllTheCost/statuses/1154831833793802240,0,0,"Twitter for Android"
_AllTheCost,"ID 1154829378343321601","Fri Jul 26 19:02:34 +0000 2019"," @_0xabad1d3a__ Putting it on the list. I appreciate it brother.",https://twitter.com/_AllTheCost/statuses/1154829378343321601,0,0,"Twitter for Android"
_AllTheCost,"ID 1154828390752509952","Fri Jul 26 18:58:38 +0000 2019"," @_0xabad1d3a__ Thank you, Nef. Appreciate it buddy.",https://twitter.com/_AllTheCost/statuses/1154828390752509952,0,0,"Twitter for Android"
_AllTheCost,"ID 1154828185416151048","Fri Jul 26 18:57:49 +0000 2019"," @_0xabad1d3a__ Thank you sir! 

It's a long road, but after 2020...when speaking while white is illegal, I want some security. 

Also...where is the ""on/off"" button for the computer box? 

Lulz",https://twitter.com/_AllTheCost/statuses/1154828185416151048,0,0,"Twitter for Android"
_AllTheCost,"ID 1154826761445793792","Fri Jul 26 18:52:10 +0000 2019"," @_0xabad1d3a__ I've been doing the Linux boot stick thing lately. It's hard when you're a moron bro. 

Also...good to see you buddy!",https://twitter.com/_AllTheCost/statuses/1154826761445793792,0,0,"Twitter for Android"
_AllTheCost,"ID 1154621277728120833","Fri Jul 26 05:15:39 +0000 2019"," @Lof_kicks @fightcIu8 We all need to learn political science. Fact.",https://twitter.com/_AllTheCost/statuses/1154621277728120833,0,0,"Twitter for Android"
_AllTheCost,"ID 1154618749531676672","Fri Jul 26 05:05:36 +0000 2019"," @__Jims That savage can kiss my ass. He lost a war so badly they retroactively called it genocide.",https://twitter.com/_AllTheCost/statuses/1154618749531676672,0,0,"Twitter for Android"
_AllTheCost,"ID 1154616796252651522","Fri Jul 26 04:57:50 +0000 2019"," @BastardoRaton I ruthlessly beat them...every day. Lulz.",https://twitter.com/_AllTheCost/statuses/1154616796252651522,0,1,"Twitter for Android"
_AllTheCost,"ID 1154616660227059712","Fri Jul 26 04:57:18 +0000 2019"," @TheeeJake @thaneofcawdor8 @Gentleman_John @tedlieu He strong arms Mexican burrito slingers on the way to work to cover that. Lol",https://twitter.com/_AllTheCost/statuses/1154616660227059712,0,0,"Twitter for Android"
_AllTheCost,"ID 1154614214767599616","Fri Jul 26 04:47:35 +0000 2019"," @TheeeJake @thaneofcawdor8 @Gentleman_John @tedlieu $5 bucks says he can't parallel park.",https://twitter.com/_AllTheCost/statuses/1154614214767599616,0,0,"Twitter for Android"
_AllTheCost,"ID 1154613740081487872","Fri Jul 26 04:45:41 +0000 2019"," @BastardoRaton You're ma dude!!!",https://twitter.com/_AllTheCost/statuses/1154613740081487872,0,0,"Twitter for Android"
_AllTheCost,"ID 1154610579627266048","Fri Jul 26 04:33:08 +0000 2019"," @BastardoRaton No worries bro!!! Keep giving em hell.",https://twitter.com/_AllTheCost/statuses/1154610579627266048,1,1,"Twitter for Android"
_AllTheCost,"ID 1154610044320854016","Fri Jul 26 04:31:00 +0000 2019"," @BastardoRaton I'm ""far right."" Lulz",https://twitter.com/_AllTheCost/statuses/1154610044320854016,0,1,"Twitter for Android"
_AllTheCost,"ID 1154609858563497986","Fri Jul 26 04:30:16 +0000 2019"," @BastardoRaton This is a good idea.",https://twitter.com/_AllTheCost/statuses/1154609858563497986,0,0,"Twitter for Android"
_AllTheCost,"ID 1154609357629329409","Fri Jul 26 04:28:17 +0000 2019"," @wallycat101 We call that the Zulu dining experience.",https://twitter.com/_AllTheCost/statuses/1154609357629329409,0,3,"Twitter for Android"
_AllTheCost,"ID 1154608473012867072","Fri Jul 26 04:24:46 +0000 2019"," She knows ""sorry"" is suicide. 

Stupid white people and their *draws random card*...learning from past experience. https://t.co/bzodZTQCKt",https://twitter.com/_AllTheCost/statuses/1154608473012867072,1,7,"Twitter for Android"
_AllTheCost,"ID 1154603672782987264","Fri Jul 26 04:05:41 +0000 2019"," RT @Project_Veritas: üö® CALLING ALL INSIDERS in . . .
&gt; Big tech üíª
&gt; Government ‚öñÔ∏è
&gt; Media üì∏
&gt; Education üçé
&gt; Politics üá∫üá∏

We want to help YO‚Ä¶",https://twitter.com/_AllTheCost/statuses/1154603672782987264,1513,0,"Twitter for Android"
_AllTheCost,"ID 1154601002332557312","Fri Jul 26 03:55:05 +0000 2019"," @BastardoRaton Lulz",https://twitter.com/_AllTheCost/statuses/1154601002332557312,0,1,"Twitter for Android"
_AllTheCost,"ID 1154597729542311937","Fri Jul 26 03:42:04 +0000 2019"," @willisten5 Concur.",https://twitter.com/_AllTheCost/statuses/1154597729542311937,0,1,"Twitter for Android"
_AllTheCost,"ID 1154596028156391424","Fri Jul 26 03:35:19 +0000 2019"," @High_Lethality Banana grip that mag in and thumb drop the bolt.",https://twitter.com/_AllTheCost/statuses/1154596028156391424,0,0,"Twitter for Android"
_AllTheCost,"ID 1154590039424344064","Fri Jul 26 03:11:31 +0000 2019"," @Mehringer2001 @CandyGirlCLW Lulz",https://twitter.com/_AllTheCost/statuses/1154590039424344064,0,0,"Twitter for Android"
_AllTheCost,"ID 1154587810642485248","Fri Jul 26 03:02:39 +0000 2019"," This clown has battered wife syndrome with the minorities. https://t.co/YFgSM6IYoI",https://twitter.com/_AllTheCost/statuses/1154587810642485248,0,3,"Twitter for Android"
_AllTheCost,"ID 1154584881374138368","Fri Jul 26 02:51:01 +0000 2019"," @Marshap17276901 That there is ""our strength."" Lulz",https://twitter.com/_AllTheCost/statuses/1154584881374138368,0,0,"Twitter for Android"
_AllTheCost,"ID 1154584521045471232","Fri Jul 26 02:49:35 +0000 2019"," @TRS_CowboyJunky https://t.co/khFXejd7D7",https://twitter.com/_AllTheCost/statuses/1154584521045471232,0,0,"Twitter for Android"
_AllTheCost,"ID 1154582653183647745","Fri Jul 26 02:42:10 +0000 2019"," @Storinicole1 Politics be cray and sheeeit.",https://twitter.com/_AllTheCost/statuses/1154582653183647745,0,0,"Twitter for Android"
_AllTheCost,"ID 1154582111795458048","Fri Jul 26 02:40:01 +0000 2019"," üö®üëáüèª FOLLOW or I will ""shoot the glass"" in your bedroom before you get out of bed barefootedüëáüèªüö® https://t.co/Oq2zosXn8z",https://twitter.com/_AllTheCost/statuses/1154582111795458048,1,1,"Twitter for Android"
_AllTheCost,"ID 1154580334207524864","Fri Jul 26 02:32:57 +0000 2019"," @Irish016206 @reubing I support this excellent decision.",https://twitter.com/_AllTheCost/statuses/1154580334207524864,0,0,"Twitter for Android"
_AllTheCost,"ID 1154579640201162752","Fri Jul 26 02:30:11 +0000 2019"," @RaffertyCarnell @KrautGirl You want her on the shirt team? No problem. https://t.co/014GcHSgLS",https://twitter.com/_AllTheCost/statuses/1154579640201162752,1,1,"Twitter for Android"
_AllTheCost,"ID 1154558797869793280","Fri Jul 26 01:07:22 +0000 2019"," Go off Queen!!! https://t.co/OvbFGEVtF5",https://twitter.com/_AllTheCost/statuses/1154558797869793280,0,2,"Twitter for Android"
_AllTheCost,"ID 1154558470844121089","Fri Jul 26 01:06:04 +0000 2019"," @TGRZ7777 Tell you what is a stupid job: pandering to people that will never vote for you.",https://twitter.com/_AllTheCost/statuses/1154558470844121089,0,1,"Twitter for Android"
_AllTheCost,"ID 1154557746626420737","Fri Jul 26 01:03:12 +0000 2019"," @Bs13501 @fightcIu8 Ever seen the monkey house at the zoo? Clothing optional. Lulz",https://twitter.com/_AllTheCost/statuses/1154557746626420737,0,0,"Twitter for Android"
_AllTheCost,"ID 1154556545872457729","Fri Jul 26 00:58:25 +0000 2019"," When is drag queen storytime at the White House rose garden? https://t.co/5utJoskzvu",https://twitter.com/_AllTheCost/statuses/1154556545872457729,1,1,"Twitter for Android"
_AllTheCost,"ID 1154549194419519488","Fri Jul 26 00:29:13 +0000 2019"," @clumsygiraffee Jane Goodall might know. Lulz",https://twitter.com/_AllTheCost/statuses/1154549194419519488,0,0,"Twitter for Android"
_AllTheCost,"ID 1154546352854052869","Fri Jul 26 00:17:55 +0000 2019"," @DadSneaker990 @fightcIu8 N",https://twitter.com/_AllTheCost/statuses/1154546352854052869,0,0,"Twitter for Android"
_AllTheCost,"ID 1154541266258018305","Thu Jul 25 23:57:42 +0000 2019"," @NicoleGlocks @IRosensteinberg @InmemoryofSkyK1 Nikki! Its me...Hans!",https://twitter.com/_AllTheCost/statuses/1154541266258018305,0,0,"Twitter for Android"
_AllTheCost,"ID 1154540913798057985","Thu Jul 25 23:56:18 +0000 2019"," @jamz_super He'll never go back....but reality is propaganda and the narrative is reality to them. He'll forget and blame the white patriarchy soon enough.",https://twitter.com/_AllTheCost/statuses/1154540913798057985,0,2,"Twitter for Android"
_AllTheCost,"ID 1154540163089014786","Thu Jul 25 23:53:19 +0000 2019"," @CrackSmokrNancy Life just manages to work out for them doesn't it? üòë",https://twitter.com/_AllTheCost/statuses/1154540163089014786,0,1,"Twitter for Android"
_AllTheCost,"ID 1154539798578622466","Thu Jul 25 23:51:52 +0000 2019"," @JohnQPu43054918 The zoo doesn't stock gorilla clothes.",https://twitter.com/_AllTheCost/statuses/1154539798578622466,0,0,"Twitter for Android"
_AllTheCost,"ID 1154539646526734337","Thu Jul 25 23:51:16 +0000 2019"," @DrakkarSir Reverting back or never left? Lulz",https://twitter.com/_AllTheCost/statuses/1154539646526734337,0,0,"Twitter for Android"
_AllTheCost,"ID 1154522148406300672","Thu Jul 25 22:41:44 +0000 2019"," @AkuraElvas Zoos don't have funding for gorilla clothing. I'm sorry. https://t.co/gTRpNxzwzD",https://twitter.com/_AllTheCost/statuses/1154522148406300672,0,0,"Twitter for Android"
_AllTheCost,"ID 1154521669362507776","Thu Jul 25 22:39:50 +0000 2019"," @TSSChelmsford https://t.co/am4MLhgRBy",https://twitter.com/_AllTheCost/statuses/1154521669362507776,0,0,"Twitter for Android"
_AllTheCost,"ID 1154519944551264256","Thu Jul 25 22:32:59 +0000 2019"," @TheSourKnight So is the zoo. Lulz",https://twitter.com/_AllTheCost/statuses/1154519944551264256,0,0,"Twitter for Android"
_AllTheCost,"ID 1154516812224241668","Thu Jul 25 22:20:32 +0000 2019"," @way2frank They all look the same...lulz",https://twitter.com/_AllTheCost/statuses/1154516812224241668,0,0,"Twitter for Android"
_AllTheCost,"ID 1154513032090927104","Thu Jul 25 22:05:31 +0000 2019"," @CFunkton I'm not sure I can answer that. Maybe we should ask Jane Goodall...",https://twitter.com/_AllTheCost/statuses/1154513032090927104,0,1,"Twitter for Android"
_AllTheCost,"ID 1154509468895498240","Thu Jul 25 21:51:21 +0000 2019"," @JarodKintz4 Israel doesn't have an ape exhibit at their zoo!? So sad.",https://twitter.com/_AllTheCost/statuses/1154509468895498240,0,0,"Twitter for Android"
_AllTheCost,"ID 1154509142230544386","Thu Jul 25 21:50:03 +0000 2019"," @JCringes ChimpCon 1.",https://twitter.com/_AllTheCost/statuses/1154509142230544386,0,0,"Twitter for Android"
_AllTheCost,"ID 1154509048248700928","Thu Jul 25 21:49:41 +0000 2019"," @wallycat101 It's hot out there mang. Lulz https://t.co/d8sWC1GejA",https://twitter.com/_AllTheCost/statuses/1154509048248700928,0,0,"Twitter for Android"
_AllTheCost,"ID 1154508781268738048","Thu Jul 25 21:48:37 +0000 2019"," @tradamerican14 Better question: you ever seen an ape dress for work???

Lulz. https://t.co/PEg4mRapg8",https://twitter.com/_AllTheCost/statuses/1154508781268738048,0,0,"Twitter for Android"
_AllTheCost,"ID 1154506851376963584","Thu Jul 25 21:40:57 +0000 2019"," @TooVollmer Minority street fighting is the highest level of cultural enrichment.",https://twitter.com/_AllTheCost/statuses/1154506851376963584,0,0,"Twitter for Android"
_AllTheCost,"ID 1154504967136280578","Thu Jul 25 21:33:28 +0000 2019"," Stacey Abrams was spotted in a vibrant discussion on inner city political activism. More at eleven. https://t.co/1nTfdB5ael",https://twitter.com/_AllTheCost/statuses/1154504967136280578,33,90,"Twitter for Android"
_AllTheCost,"ID 1154502412012441600","Thu Jul 25 21:23:19 +0000 2019"," @AndrewB99376335 Lulz",https://twitter.com/_AllTheCost/statuses/1154502412012441600,0,0,"Twitter for Android"
_AllTheCost,"ID 1154501897027543049","Thu Jul 25 21:21:16 +0000 2019"," Thank God it's in another country. For a minute there, I was scared for my fellow Americans. https://t.co/lugLbysA9Z",https://twitter.com/_AllTheCost/statuses/1154501897027543049,0,7,"Twitter for Android"
_AllTheCost,"ID 1154496671646195714","Thu Jul 25 21:00:30 +0000 2019"," ""They are animals!""

*Animals patiently waiting in line look back in disgust* https://t.co/E2QaqN3Of2",https://twitter.com/_AllTheCost/statuses/1154496671646195714,58,151,"Twitter for Android"
_AllTheCost,"ID 1154491622438010881","Thu Jul 25 20:40:26 +0000 2019"," @learningCurvves Let's gas this fire.",https://twitter.com/_AllTheCost/statuses/1154491622438010881,0,1,"Twitter for Android"
_AllTheCost,"ID 1154470521393819648","Thu Jul 25 19:16:35 +0000 2019"," @BigT0Pworker Lulz",https://twitter.com/_AllTheCost/statuses/1154470521393819648,0,1,"Twitter for Android"
_AllTheCost,"ID 1154466290612035584","Thu Jul 25 18:59:47 +0000 2019"," @EBKnyte No need to subscribe. I deliver the newsletter... https://t.co/8coGkPpClk",https://twitter.com/_AllTheCost/statuses/1154466290612035584,0,0,"Twitter for Android"
_AllTheCost,"ID 1154464666350845952","Thu Jul 25 18:53:20 +0000 2019"," @Gunslinger1488 https://t.co/oClL7emW1x",https://twitter.com/_AllTheCost/statuses/1154464666350845952,0,0,"Twitter for Android"
_AllTheCost,"ID 1154463629963649025","Thu Jul 25 18:49:12 +0000 2019"," @JCringes One of the greats. Absolute king.",https://twitter.com/_AllTheCost/statuses/1154463629963649025,0,0,"Twitter for Android"
_AllTheCost,"ID 1154463453471526912","Thu Jul 25 18:48:30 +0000 2019"," Diversity their strength. Swimming ain't. https://t.co/snJww4a1mP",https://twitter.com/_AllTheCost/statuses/1154463453471526912,0,8,"Twitter for Android"
_AllTheCost,"ID 1154462798161698816","Thu Jul 25 18:45:54 +0000 2019"," @ZNCZiNC As long as it makes the other side sweat...lulz",https://twitter.com/_AllTheCost/statuses/1154462798161698816,0,0,"Twitter for Android"
_AllTheCost,"ID 1154462494196453381","Thu Jul 25 18:44:42 +0000 2019"," @Anri_NWFLT_TEST https://t.co/q0xRtclmf9",https://twitter.com/_AllTheCost/statuses/1154462494196453381,0,1,"Twitter for Android"
_AllTheCost,"ID 1154458325804670976","Thu Jul 25 18:28:08 +0000 2019"," Lots of new followers! I'm so happy...

Time to thin the herd. https://t.co/8v1w4MQel2",https://twitter.com/_AllTheCost/statuses/1154458325804670976,2,8,"Twitter for Android"
_AllTheCost,"ID 1154457262418739200","Thu Jul 25 18:23:54 +0000 2019"," @zoomerhead Burners are about the only way now. Free speech ain't free no more...lulz",https://twitter.com/_AllTheCost/statuses/1154457262418739200,0,0,"Twitter for Android"
_AllTheCost,"ID 1154448612912328704","Thu Jul 25 17:49:32 +0000 2019"," @EvilHillaryPics @HarmlessYardDog *laughs in African child soldier*",https://twitter.com/_AllTheCost/statuses/1154448612912328704,0,2,"Twitter for Android"
_AllTheCost,"ID 1154436091405058050","Thu Jul 25 16:59:47 +0000 2019"," A striking rendition of 12 years a slave. https://t.co/RrFc6GcV37",https://twitter.com/_AllTheCost/statuses/1154436091405058050,0,1,"Twitter for Android"
_AllTheCost,"ID 1154402153152294914","Thu Jul 25 14:44:55 +0000 2019"," Twitter won't let me follow peeps right now. I will follow my frens come hell or high water as soon as I can. 

I pushed the buttons too fast. Jack don't like no monkeys pushing buttons unless they wearing a bleq lives mattuh shirt. https://t.co/CBRjxKuNZ3",https://twitter.com/_AllTheCost/statuses/1154402153152294914,0,4,"Twitter for Android"
_AllTheCost,"ID 1154399507058241537","Thu Jul 25 14:34:24 +0000 2019"," @ForeskinFarmer What can I say....I like it white. https://t.co/o6sRcn2nzM",https://twitter.com/_AllTheCost/statuses/1154399507058241537,0,2,"Twitter for Android"
_AllTheCost,"ID 1154397802761527296","Thu Jul 25 14:27:38 +0000 2019"," @zoomerhead Don't use email. Phone numbers.",https://twitter.com/_AllTheCost/statuses/1154397802761527296,0,0,"Twitter for Android"
_AllTheCost,"ID 1154257145036201984","Thu Jul 25 05:08:43 +0000 2019"," @BluesBrother_1 Thanks Fam!",https://twitter.com/_AllTheCost/statuses/1154257145036201984,0,1,"Twitter for Android"
_AllTheCost,"ID 1154217811847340032","Thu Jul 25 02:32:25 +0000 2019"," @Saltedsmoke2 @Negativism15 I'm sure you spend all day cumming to edgy, hardcore stuff on the internet, nerd.",https://twitter.com/_AllTheCost/statuses/1154217811847340032,0,5,"Twitter for Android"
_AllTheCost,"ID 1154191379804905482","Thu Jul 25 00:47:23 +0000 2019"," @RandomWhtDude Thank you, Sir!",https://twitter.com/_AllTheCost/statuses/1154191379804905482,0,0,"Twitter for Android"
_AllTheCost,"ID 1154190975448879104","Thu Jul 25 00:45:47 +0000 2019"," @BluesForAllah69 Thanks Fren!",https://twitter.com/_AllTheCost/statuses/1154190975448879104,0,0,"Twitter for Android"
_AllTheCost,"ID 1154190181043527681","Thu Jul 25 00:42:37 +0000 2019"," @VincentVVader1 Thanks Fam!",https://twitter.com/_AllTheCost/statuses/1154190181043527681,0,0,"Twitter for Android"
_AllTheCost,"ID 1154187966216122368","Thu Jul 25 00:33:49 +0000 2019"," @LearntoSwim9 @tabbybewmbewm Or....two.",https://twitter.com/_AllTheCost/statuses/1154187966216122368,0,0,"Twitter for Android"
_AllTheCost,"ID 1154187736011747328","Thu Jul 25 00:32:54 +0000 2019"," @HardTolkien Thank you best fren!!!!",https://twitter.com/_AllTheCost/statuses/1154187736011747328,0,0,"Twitter for Android"
_AllTheCost,"ID 1154175941092024321","Wed Jul 24 23:46:02 +0000 2019"," @LearntoSwim9 @tabbybewmbewm Allthecost. Debts must be settled.",https://twitter.com/_AllTheCost/statuses/1154175941092024321,0,0,"Twitter for Android"
_AllTheCost,"ID 1154168640767483910","Wed Jul 24 23:17:02 +0000 2019"," @LearntoSwim9 @tabbybewmbewm Just 14 little words...",https://twitter.com/_AllTheCost/statuses/1154168640767483910,0,4,"Twitter for Android"
_AllTheCost,"ID 1154145637497262080","Wed Jul 24 21:45:37 +0000 2019"," @Chance_Bdreaux Oh, but of course.... https://t.co/kwPaFjrFKA",https://twitter.com/_AllTheCost/statuses/1154145637497262080,0,0,"Twitter for Android"
_AllTheCost,"ID 1154143493415153664","Wed Jul 24 21:37:06 +0000 2019"," @PossibleRider Absolutely...because I've NEVER been here before. Weird.",https://twitter.com/_AllTheCost/statuses/1154143493415153664,0,2,"Twitter for Android"
_AllTheCost,"ID 1154143275735027713","Wed Jul 24 21:36:14 +0000 2019"," @Chance_Bdreaux Thanks Fam! You tha best!

Now...take a seat...in front of the plate glass window preferably. https://t.co/LJEFbNdxUT",https://twitter.com/_AllTheCost/statuses/1154143275735027713,0,0,"Twitter for Android"
_AllTheCost,"ID 1154140569247113216","Wed Jul 24 21:25:29 +0000 2019"," @Gunslinger1488 My go to move.",https://twitter.com/_AllTheCost/statuses/1154140569247113216,0,0,"Twitter for Android"
_AllTheCost,"ID 1154139297043353606","Wed Jul 24 21:20:25 +0000 2019"," @huwhity_ Good to be here...for the first time ever.",https://twitter.com/_AllTheCost/statuses/1154139297043353606,0,1,"Twitter for Android"
_AllTheCost,"ID 1154139121792757760","Wed Jul 24 21:19:44 +0000 2019"," @Gunslinger1488 Ho. Ho. Ho. Now I have a machine gun... https://t.co/NzQmLofP0c",https://twitter.com/_AllTheCost/statuses/1154139121792757760,0,0,"Twitter for Android"
_AllTheCost,"ID 1154138029507956737","Wed Jul 24 21:15:23 +0000 2019"," @huwhity_ You're the best fam!",https://twitter.com/_AllTheCost/statuses/1154138029507956737,0,0,"Twitter for Android"
_AllTheCost,"ID 1154137335480672265","Wed Jul 24 21:12:38 +0000 2019"," @alles_of Brand new. Not even sure what this ""N"" button does....

Thanks Fam!!!",https://twitter.com/_AllTheCost/statuses/1154137335480672265,0,0,"Twitter for Android"
_AllTheCost,"ID 1154134967062061056","Wed Jul 24 21:03:13 +0000 2019"," @LockedGigi Thanks Fren!!!",https://twitter.com/_AllTheCost/statuses/1154134967062061056,0,0,"Twitter for Android"
_AllTheCost,"ID 1154134657551732736","Wed Jul 24 21:01:59 +0000 2019"," @Outsider__14 Thank you, Sir.",https://twitter.com/_AllTheCost/statuses/1154134657551732736,0,0,"Twitter for Android"
_AllTheCost,"ID 1154134144399683585","Wed Jul 24 20:59:57 +0000 2019"," @JCringes Thank you, Sir!",https://twitter.com/_AllTheCost/statuses/1154134144399683585,0,0,"Twitter for Android"
_AllTheCost,"ID 1154134033066090501","Wed Jul 24 20:59:30 +0000 2019"," @HickockPill Thank Fam!",https://twitter.com/_AllTheCost/statuses/1154134033066090501,0,0,"Twitter for Android"
_AllTheCost,"ID 1154126540055166976","Wed Jul 24 20:29:44 +0000 2019"," @HarmlessYardDog @_classified_0 F.

We always come back...stronger.",https://twitter.com/_AllTheCost/statuses/1154126540055166976,0,0,"Twitter for Android"
_AllTheCost,"ID 1154122247990329349","Wed Jul 24 20:12:41 +0000 2019"," @NS_Ed_Intrepid Mind.

Blown. https://t.co/ysXhjqAbLz",https://twitter.com/_AllTheCost/statuses/1154122247990329349,0,0,"Twitter for Android"
_AllTheCost,"ID 1154120853505945608","Wed Jul 24 20:07:08 +0000 2019"," @JEREMYisok14 Thanks Fam!",https://twitter.com/_AllTheCost/statuses/1154120853505945608,0,1,"Twitter for Android"
_AllTheCost,"ID 1154114768749367297","Wed Jul 24 19:42:57 +0000 2019"," When I get a Twitter suspension that demands I delete some tweet, I just respawn. Kiss my ass. I ain't deleting shit. https://t.co/5m1FugRanC",https://twitter.com/_AllTheCost/statuses/1154114768749367297,73,340,"Twitter for Android"
